id,title,artist,chart_year,country,region,selection,pilot,wikidata,musicbrainz,status
1964-i-want-to-hold-your-hand,I Want to Hold Your Hand,The Beatles,1964,United Kingdom,Europe,billboard-year-end-1,yes,,,listed
1969-sugar-sugar,"Sugar, Sugar",The Archies,1969,United States,North America,billboard-year-end-1,yes,,,listed
1977-tonights-the-night,Tonight's the Night (Gonna Be Alright),Rod Stewart,1977,United Kingdom,Europe,billboard-year-end-1,yes,,,listed
1983-every-breath-you-take,Every Breath You Take,The Police,1983,United Kingdom,Europe,billboard-year-end-1,yes,,,listed
1984-when-doves-cry,When Doves Cry,Prince,1984,United States,North America,billboard-year-end-1,yes,,,listed
1991-everything-i-do-i-do-it-for-you,(Everything I Do) I Do It for You,Bryan Adams,1991,Canada,North America,billboard-year-end-1,yes,,,listed
1999-believe,Believe,Cher,1999,United States,North America,billboard-year-end-1,yes,,,listed
2004-yeah,Yeah!,Usher featuring Lil Jon and Ludacris,2004,United States,North America,billboard-year-end-1,yes,,,listed
2011-rolling-in-the-deep,Rolling in the Deep,Adele,2011,United Kingdom,Europe,billboard-year-end-1,yes,,,listed
2020-blinding-lights,Blinding Lights,The Weeknd,2020,Canada,North America,billboard-year-end-1,yes,,,listed
